ds_kofax-controlsuite_en_091819;ControlSuite - Product Summary
ds_kofax-autostore_en_112119;AutoStore - Product Summary
ds_kofax-business-connect_en_112119;Business Connect - Product Summary
ds_kofax-output-manager_en_071119;Output Manager - Product Summary
ds_kofax-quickcapturepro_en_112119;QuickCapture Pro - Product Summary
ds_kofax-webcapture_en_112119;WebCapture - Product Summary
ds_kofax-equitrac_en_071119;Equitrac - Product Summary
ds_kofax-controlsuite-foundations-for-smb_en_081419;ControlSuite Foundations for SMB
ds_kofax-controlsuite-output-management_en_062019;Output Manager with ControlSuite]
ds_kofax-equitrac-follow-you-printing_en_061419;Equitrac Follow-You Printing
eb_controlsuite-solving-todays-challenges-6-17-19;Solving Challanges with ControlSuite
ds_gdpr_compliance_en_072919;Solutions for GDPR Compliance
eCopy Enterprise Datasheet;eCopy Enterprise - Product Summary
ds_kofax-power-pdf-advanced_en_101419;Power PDF Advanced - Product Summary
ds_kofax-safecom_en_072419;SafeCom - Product Summary
ds_kofax-safecom-pay_en_090519;SafeCom Pay - Product Summary
ds_kofax-safecom-pull-print_en_090519;SafeCom Pull Print - Product Summary